index,screen_name,created_at,text
2703,taralipinski,2018-01-03 02:29:50,RT @rfh57: 20 years ago she won Olympic Gold.  Today @TaraandJohnny have solid bag action but even better memories. #USChamps18  
2704,taralipinski,2018-01-04 06:17:17,"RT @NBCOlympics: .@taralipinski and @JohnnyGWeir's rhinestone headsets. #USChamps18 #WinterOlympics "
2705,taralipinski,2018-01-04 20:52:22,Back at it. The Olympic team will be chosen this weekend! Some of these skaters will soon have a  
2706,taralipinski,2018-01-05 20:08:45,Turn down for what?! @terrygannon83 @johnnygweir #uschamps18 #roadtopyeongchang @ SAP Center 
2707,taralipinski,2018-01-06 20:13:15,What a Ladies event! I was on the edge of my seat. The skating was some of the best I ve seen in  
2708,taralipinski,2018-01-06 21:19:19,RT @ChateauHemmer: My husband spent half of the ladies long raving about @JohnnyGWeir and @taralipinski. He LOVES their commentary. Turning 
2709,taralipinski,2018-01-06 21:20:34,RT @NBCOlympics: A MUST-SEE: @taralipinski reacts to her gold medal skate 20 years after Nagano with broadcast partner @JohnnyGWeir. #Winte 
2710,taralipinski,2018-01-06 23:49:28,RT @patmuldowney: My favorite part of listening to @taralipinski &amp; @JohnnyGWeir call skating is that when someone gets launched spinning 20 
2711,taralipinski,2018-01-06 23:50:13,@patmuldowney @JohnnyGWeir Love that your watching and you re right- we probably should say that. Haha
2712,taralipinski,2018-01-07 00:00:05,@patmuldowney @JohnnyGWeir I feel like ours would have performed well
2713,taralipinski,2018-01-07 02:29:59,RT @Hannah_Bevis1: We don't deserve @JohnnyGWeir and @taralipinski. 
2714,taralipinski,2018-01-07 07:11:43,RT @spark1021: Having a blast at #USChamps18 with @taralipinski and @JohnnyGWeir 
2715,taralipinski,2018-01-07 16:49:43,What an incredible Nationals! Congratulations to all our new Olympians. We loved every minute  
2716,taralipinski,2018-01-07 19:34:54,RT @JohnnyGWeir: USA Figure Skating has nominated @nathanwchen @Adaripp &amp; @govincentzhou to the Olympic Team. I am heartbroken that Ross Mi 
2717,taralipinski,2018-01-08 00:28:20,US. #GoldenGlobes @ The Beverly Hilton 
2718,taralipinski,2018-01-08 02:47:31,What a fun experience! Golden Globes    Dress dressthepopulation  makeup/hair  
2719,taralipinski,2018-01-08 17:33:27,Last night and my two favorite pics of us.   Let me tell you- there is nothing better than  
2720,taralipinski,2018-01-08 20:21:43,Last night and my two favorite pics of us.   Let me tell you- there is nothing better than  
2721,taralipinski,2018-01-11 15:34:41,RT @BUILDseriesNYC: At 12PM ET we'll have @taralipinski live on  Or join the studio audience in NYC:  
2722,taralipinski,2018-01-11 19:18:55,RT @BUILDseriesNYC: Olympic champion @taralipinski is here!   watch the live interview at  now:  
2723,taralipinski,2018-01-11 19:58:07,"What a fun shoot at the thestandard hotel with @thenewpotato!    #nyc @ New York, New York "
2724,taralipinski,2018-01-11 21:23:59,"RT @MandiBierly: Talked the 20th anniversary of her gold medal win, current skating controversies, and the suitcase count for #PyeongChang2 "
2725,taralipinski,2018-01-12 00:37:41,I had so much fun talking all things Olympics today @buildseriesnyc! For you skating fans out  
2726,taralipinski,2018-01-13 16:39:24,RT @JohnnyGWeir: Vibes | @taralipinski @TaraandJohnny #bird 
2727,taralipinski,2018-01-15 17:18:40,I ve got Olympic fever. It s almost here guys! I rarely post old skating videos but here you go-  
2728,taralipinski,2018-01-18 06:31:11,RT @SarahHughesNY: First   with @Meryl_Davis &amp; @charlieawhite! @TeamUSA Olympic Champions    : #DickButton #HayesJenkins #TenleyAlbright #C 
2729,taralipinski,2018-01-18 19:57:38,Had such a blast hanging out with @harryconnickjr today. The show was so fun and a perfect way  
2730,taralipinski,2018-01-19 12:06:03,@JohnnyGWeir Biiiiirdddddds
2731,taralipinski,2018-01-19 13:15:28,Hey guys...Time to tune in!@todayshow I m about to talk all things   Dress dressthepopulation    
2732,taralipinski,2018-01-19 15:56:18,RT @EWlive: .@taralipinski is LIVE on @EW radio RIGHT NOW with @DaltonRoss &amp; @JessicaShaw talking all things #Olympics2018 &amp; 20th anniversa 
2733,taralipinski,2018-01-19 16:40:39,"Well, this was fun! She s as awesome as I knew she would be. @jennymccarthy @ SiriusXM Studios "
2734,taralipinski,2018-01-19 16:43:31,RT @MichaelDScales: @nbcsnl - please do a segment based on @TODAYshow interview of @taralipinski this morning. Her analysis spot on. Facial 
2735,taralipinski,2018-01-21 04:35:21,RT @NBCOlympics: .@taralipinski and @JohnnyGWeir had some fun at the @NBCSports offices today.   
2736,taralipinski,2018-01-21 17:02:31,"RT @JohnnyGWeir: Still in awe over the amazing talents we saw at Europeans, especially the battle for the ladies gold medal. Alina Zagitova "
2737,taralipinski,2018-01-23 05:30:29,"RT @si_olympics: Q&amp;A: Catching up with @taralipinski on broadcasting with Johnny Weir, what she thought of  I, Tonya  and more  "
2738,taralipinski,2018-01-23 16:51:26,RT @rchlltz: How Tara Lipinski influenced a generation of Olympic skaters 
2739,taralipinski,2018-01-23 18:16:56,Had so much fun seeing my friends at Access this morning...@nmoralesnbc @kithoover @ Access  
2740,taralipinski,2018-01-24 19:00:36,I hope you enjoyed the episode of Home and Family this morning! I had such a good time with this  
2741,taralipinski,2018-01-24 22:26:43,Just finished reading this amazing book from my friend @elockwoodbooks 
2742,taralipinski,2018-01-24 22:28:53,
2743,taralipinski,2018-01-25 17:36:55,When you are looking for your favorite scarf and it s gone missing...just post it and mourn.    
2744,taralipinski,2018-01-26 16:39:59,@rockerskating This is my dog Dublin every morning
2745,taralipinski,2018-01-27 01:44:07,@AlyonkaLarionov loved doing this! And love what YOU are doing with this platform. 
2746,taralipinski,2018-01-28 09:23:22,"Well, all my luggage won t even fit into this picture! That means @johnnygweir and I are ready  "
2747,taralipinski,2018-01-29 08:34:42,I made it! A few days in Seoul and then it s time to get our Olympics on pyeongchang2018  
2748,taralipinski,2018-01-30 03:10:04,Can t help but shimmy to this K-Pop   @ericnamofficial #kpop #ericnam #seoul @ Gangnam Seoul Korea 
2749,taralipinski,2018-01-30 09:54:44,What a fun day of shooting in #Seoul Can t wait for you to see this piece on @nbcolympics It s a  
2750,taralipinski,2018-01-30 10:13:26,RT @Olympics: .@taralipinski the youngest winner of an individual event in the history of the Winter Games. #16daystogo  
2751,taralipinski,2018-01-30 13:37:52,"What a cool day hanging with #kpop star @ericnamofficial Eric, what you do think of adding  "
2752,taralipinski,2018-01-30 20:57:44,Johnny Weir and Tara Lipinski start trip to South Korea with amazing rendition of 'Firework'  via @forthewin
2753,taralipinski,2018-01-31 03:24:39,Way back Wednesday when I skated to the  Speed  soundtrack. Still kinda feelin  that song.  
2754,taralipinski,2018-01-31 12:32:35,We packed super light.  @TaraandJohnny @NBCOlympics 
2755,taralipinski,2018-02-01 23:33:58,RT @TeamUSA: @TaraLipinski won gold at age 15. What have you done today? Gold Medal Moment presented by @HERSHEYS! 
2756,taralipinski,2018-02-02 03:15:49,Pick up the latest People magazine! Thank you @people for this awesome spread- how fun!   
2757,taralipinski,2018-02-02 05:21:08,@Tyler_J_Ward @TeamUSA @Hersheys This made me laugh
2758,taralipinski,2018-02-02 09:48:43,"RT @Olympics: RT this for good luck! #PyeongChang2018 "
2759,taralipinski,2018-02-03 23:01:36,We loved hosting our first special! Tune in for  The Best of U.S  Monday at 10pm ET. You ll get  
2760,taralipinski,2018-02-04 02:41:45,Rehearsals from when we did Lip Sync Battle! It airs next week. Too much fun   What song do you  
2761,taralipinski,2018-02-04 11:03:20,RT @TaraandJohnny: I    @ludacris #WinterOlympicsDanceParty 
2762,taralipinski,2018-02-05 01:42:32,"As we watch the #sb52 from Korea, I can t help but remember our fun times at our last @Nbc  "
2763,taralipinski,2018-02-05 02:57:42,"RT @lsb: THIS WEEK'S #LIPSYNCBATTLE: @TaraLipinski          vs.@JohnnyGWeir "
2764,taralipinski,2018-02-05 03:50:40,Now that the #SuperBowl is over....You know what time it is!  WINTER OLYMPICS time. Bring on the  
2765,taralipinski,2018-02-05 23:24:03,One thing everyone should be for at least one day in their lives is Gwen Stefani @gwenstefani     
2766,taralipinski,2018-02-05 23:44:33,RT @lsb: .@TaraLipinski takes on her BFF @JohnnyGWeir on this week's #LipSyncBattle - and s*** gets bananas (B-A-N-A-N-A-S). @GwenStefani h 
2767,taralipinski,2018-02-05 23:49:27,@TheMissJessicaK I ll let you know if slot opens up!
2768,taralipinski,2018-02-06 07:07:50,Family portrait. My broadcast booth partners! We look photoshopped in for the first  
2769,taralipinski,2018-02-06 23:31:10,Let s get this day started from South Korea! I love this pic of J and I. Its us in a nutshell.  
2770,taralipinski,2018-02-07 01:15:51,RT @jonnymoseley: Remember that one time back in 1998? Great to see you @taralipinski @ PyeongChang 
2771,taralipinski,2018-02-07 05:07:09,RT @NBCSportsPR: Transcript for our call today with @MillerBode @taralipinski @JohnnyGWeir and executive producer Jim Bell @jfb  
2772,taralipinski,2018-02-07 07:12:58,RT @TaraandJohnny: We  Curling   @taralipinski @johnnygweir @nbcolympics #winterolympics @ Gangneung 
2773,taralipinski,2018-02-07 12:38:57,A little dress rehearsal.  Final touches to our booth to be for the next 2 1/2 weeks as we  
2774,taralipinski,2018-02-07 14:28:45,
2775,taralipinski,2018-02-08 00:54:12,Holla   My obsession with @gwenstefani is real. #gwenstefani 
2776,taralipinski,2018-02-08 02:22:16,RT @harrytv: THURSDAY 2/8: #TheAlienist's @TheRealLukevans and Olympic champ @taralipinski! PLUS: Harry pays tribute to gospel great #Edwin 
2777,taralipinski,2018-02-08 06:25:53,"RT @JohnnyGWeir: Our coverage of the figure skating team event  starts Thursday night, LIVE ACROSS ALL TIMEZONES 8pmE, 7pmC, 6pmM, 5pmP on "
2778,taralipinski,2018-02-08 06:26:05,"RT @RetroNewsNow: TV Guide Cover 20 Years Ago This Week, February 7-13, 1998: @taralipinski "
2779,taralipinski,2018-02-08 06:26:43,@ChateauHemmer Still wearing rings on almost every  finger to this day.
2780,taralipinski,2018-02-08 12:59:34,We are just hours away and I can t wait to experience another Olympics! This time from a  
2781,taralipinski,2018-02-09 00:38:16,This post is for anyone who feels like the path to their goals is neither easy nor straight.  
2782,taralipinski,2018-02-09 06:34:01,RT @lsb: Don't come at @TaraLipinski with your nonsense. #LipSyncBattle 
2783,taralipinski,2018-02-09 06:34:07,RT @lsb: WEST COAST: get pumped because it's almost time for @TaraLipinski and @JohnnyGWeir's #LipSyncBattle on @ParamountNet. Who ya got? 
2784,taralipinski,2018-02-09 06:34:38,RT @lsb: .@TaraLipinski nailing the choreo because THAT'S WHAT GOLD MEDALISTS DO. #LipSyncBattle 
2785,taralipinski,2018-02-09 09:35:51,These are the outtakes of a special little project we are working on. Please take note of  
2786,taralipinski,2018-02-09 11:14:59,@miketirico is gonna kill it! I m so honored and lucky to have the chance to work with him at his first Olympics. S  
2787,taralipinski,2018-02-09 12:06:20,RT @JohnnyGWeir: Crying with @taralipinski watching USA come through at the Opening Ceremony.    #winterolympics
2788,taralipinski,2018-02-09 12:06:45,RT @Lesdoggg: Bedazzled headsets!! Dope!! 
2789,taralipinski,2018-02-09 15:57:36,The many faces of our first day! So lucky to be sitting next to these two as we start this  
2790,taralipinski,2018-02-10 02:18:07,#Pyeongchang2018  via @POPSUGARFitness
2791,taralipinski,2018-02-11 01:30:44,@GarrickDConner @NBCOlympics I hope you are enjoying the dance event! It s a good one. But @JohnnyGWeir and I are n  
2792,taralipinski,2018-02-11 02:23:19,We are about to get this ladies team event started! See you guys in a few..... @nbcolympics  
2793,taralipinski,2018-02-12 02:17:28,Bringing out the sparkle today! All thanks to dressthepopulation #winterolympics @ Gangneung 
2794,taralipinski,2018-02-12 03:46:16,RT @TaraandJohnny: Practice makes perfect. @MacyGraysLife @taralipinski @johnnygweir #winterolympics @ Gangneung 
2795,taralipinski,2018-02-12 03:46:42,Yes!!! 
2796,taralipinski,2018-02-12 03:57:07,Those Twizzles!!!!!             @MaiaShibutani @AlexShibutani @ShibSibs @NBCOlympics #winterolympics
2797,taralipinski,2018-02-12 05:26:06,No time for a quick change.  g.y.p.s.y_l.i.f.e @johnnygweir   dressthepopulation   cuffs  
2798,taralipinski,2018-02-12 05:37:02,@DebbieFree3 @NBCOlympics @ShibSibs @nbc We were not calling dance but it was a fabulous event! Hope you enjoyed it!
2799,taralipinski,2018-02-12 07:13:09,Aww!! Love this 
2800,taralipinski,2018-02-12 07:21:58,@patmuldowney @HolyCowBBQLA Yes most definitely haha!!
2801,taralipinski,2018-02-12 16:20:47,Just living that peacock   life... and loving it. #NBC NNNNNBBBBCCCC @ Gangneung 
2802,taralipinski,2018-02-12 16:35:43,RT @GQMagazine: How @JohnnyGWeir and @TaraLipinski became the most iconic duo in figure skating  #PyeongChang2018 ht 
2803,taralipinski,2018-02-13 00:12:13,This tweet made my morning!   Thank you @AnnaChlumsky 
2804,taralipinski,2018-02-13 00:19:54,"RT @SBNation: Tara and Johnny forever! ( : @taralipinski / Instagram) "
2805,taralipinski,2018-02-13 01:13:23,Love that you are watching! Thank you!!!    
2806,taralipinski,2018-02-13 03:30:47,After calling @mirai_nagasu triple Axel yesterday I got so many chills. It makes you realize how  
2807,taralipinski,2018-02-13 13:18:18,Your best friends laugh...enough said. #thebest @johnnygweir @ Gangneung 
2808,taralipinski,2018-02-14 06:55:47,So as I started writing this caption of what these rings mean to me....I just started crying  
2809,taralipinski,2018-02-14 09:46:16,RT @terrygannon83: Name the time and place @JJWatt. @taralipinski @JohnnyGWeir and I will call it 
2810,taralipinski,2018-02-14 11:05:24,As usual teamwork at its best. #winterolympics @NBCOlympics @JohnnyGWeir 
2811,taralipinski,2018-02-15 06:08:49,Terry rockin  the pink today. And the last picture you will see our surprise for him....one  
2812,taralipinski,2018-02-15 06:15:56,"RT @DatelineNBC: Nailed it, @taralipinski @JohnnyGWeir    @NBCOlympics #WinterOlympics "
2813,taralipinski,2018-02-15 12:38:05,"I finally got my 23andme results back. This was such a fun process, my parents took the test as  "
2814,taralipinski,2018-02-15 13:14:03,RT @JohnnyGWeir: 100% singing @katyperry before we went on air. #roar   Mariola Zysk @nbcolympics @taralipinski @TaraandJohnny  
2815,taralipinski,2018-02-15 22:13:09,Thank you!!!! @ringer  
2816,taralipinski,2018-02-15 22:56:40,This is our normal. I m looking off into space wondering what my next meal will be. Johnny is guiding me in my heel  
2817,taralipinski,2018-02-15 22:57:38,@AmyKinLA @ringer What a nice surprise to wake up to
2818,taralipinski,2018-02-15 23:00:11,"RT @TheNewPotato: .@taralipinski Talks #WinterOlympics, Shake Shack &amp; Advice to olympians! #Interview "
2819,taralipinski,2018-02-15 23:00:36,@katiebakes Thank you!!
2820,taralipinski,2018-02-15 23:03:52,RT @PlayersTribune: Olympic figure skater @taralipinski was 15 years old when she won a gold medal. She looks back on the experience and th 
2821,taralipinski,2018-02-16 07:17:02,What an emotional roller coaster of a men s event.#YuzuruHanyu was absolutely brilliant. What an inspiring performa  
2822,taralipinski,2018-02-16 13:50:21,My Broadcast Boys.   @johnnygweir @terrygannon83 
2823,taralipinski,2018-02-17 01:15:43,Pre show dancing.   @johnnygweir @terrygannon83 #winterolympics @nbcolympics @ Gangneung Ice Arena 
2824,taralipinski,2018-02-17 02:14:45,"RT @NormanCharles88: So many incredible Olympic Moments at #PyeongChang2018. This one brought tears to my eyes. Thank you, NBC.  #Olympics "
2825,taralipinski,2018-02-17 06:40:36,Omg @Lesdoggg I see you in the arena!!!!!!!! Hi!
2826,taralipinski,2018-02-17 06:40:52,RT @Lesdoggg: I don t know nothing without Tara and Johnny!! @NBCOlympics 
2827,taralipinski,2018-02-17 06:41:29,Love you! 
2828,taralipinski,2018-02-17 07:51:07,@Lesdoggg Love you more! Can t wait to see you
2829,taralipinski,2018-02-17 07:55:03,RT @TheTaffinator: @taralipinski @JohnnyGWeir @terrygannon83 @TaraandJohnny showing us how to pattern-mix AND how to mix metals. #Silver #G 
2830,taralipinski,2018-02-17 11:52:29,Love this 
2831,taralipinski,2018-02-17 15:49:28,The men brought it today! What a fun event to call. Congratulations to #YuzuruHanyu on defending  
2832,taralipinski,2018-02-18 01:10:26,RT @Davefox2: Oly TB 20yrs ago #Nagano1998 watching @taralipinski win gold in person was a #Nagano hilite. Her commentary on #NathanChen wi 
2833,taralipinski,2018-02-18 03:23:46,We have finally met. And then I glitterized her. Isn t she the best?!?! @lesdoggg @ Gangneung 
2834,taralipinski,2018-02-18 04:17:26,Our morning with @lesdoggg was everything you could ask for and more. Just wait for our next  
2835,taralipinski,2018-02-18 05:12:30,Crazy in Love with @Lesdoggg @beyonce    @NBCOlympics @Olympics @JohnnyGWeir 
2836,taralipinski,2018-02-18 13:29:00,Strutting into this week in my stilettos not even looking down. Maybe because @JohnnyGWeir always has my back...and  
2837,taralipinski,2018-02-18 13:51:12,"RT @HuffPost: We're crazy in love for Leslie Jones, Tara Lipinski and Johnny Weir's Beyonc  moves "
2838,taralipinski,2018-02-19 04:27:45,Virtue/Moir Holy amazing!!!! Their attack and command of the ice...beyond. They danced just like the Olympic Champi  
2839,taralipinski,2018-02-19 13:20:24,Another Olympic day in the books for us. Did you guys watch the dance!?! I can t wait for the showdown between the  
2840,taralipinski,2018-02-19 21:07:12,"RT @ericnamofficial: Well, That was fun! @taralipinski @JohnnyGWeir @nbc  #pyeongchang2018"
2841,taralipinski,2018-02-19 21:39:23,Evaluating NBC's Olympics Coverage at the Halfway Mark in PyeongChang 
2842,taralipinski,2018-02-20 00:32:54,"20 years ago today my life changed forever. Just in a few short days, another athlete will get  "
2843,taralipinski,2018-02-20 05:27:33,It s Time to Take Risks in the Rink Again 
2844,taralipinski,2018-02-20 12:45:11,Today. Tomorrow the ladies take the ice! Who s excited?  Sweater dress @majeofficiel 
2845,taralipinski,2018-02-21 00:55:21,Let s go Ladies!!!! Tune in!!!   dressthepopulation  #winterolympics @ Gangneung Ice Arena 
2846,taralipinski,2018-02-21 23:38:56,Thank you Scott! Go buy this inspiring and motivational book guys...it s more than a good read! @ScottHamilton84 
2847,taralipinski,2018-02-22 01:02:53,We are glad we helped the audience understand what happened. A shocking fall by Tennell but my bet is on an incredi  
2848,taralipinski,2018-02-22 01:06:43,See Johnny Weir's Hilarious Reaction to Tara Lipinski Surprising Him Before He's Camera-Ready  via @people
2849,taralipinski,2018-02-22 01:09:20,"Leslie Jones, Johnny Weir and Tara Lipinski made the Olympics' best music video | For The Win via @forthewin "
2850,taralipinski,2018-02-22 03:00:25,Big T&amp;J news coming your way! We still can t believe it!  12:30ET with @miketirico #winterolympics @nbcolympics 
2851,taralipinski,2018-02-22 04:33:51,"RT @thelilynews:  I would support a change from  ladies  to  women,   says @taralipinski. "
2852,taralipinski,2018-02-22 05:01:24,@rockerskating Sinks into that hip just perfectly!
2853,taralipinski,2018-02-22 05:58:44,WE ARE HOSTING THE CLOSING CEREMONY! What an honor and a privilege. I am so excited!  @JohnnyGWeir @terrygannon83  
2854,taralipinski,2018-02-22 22:14:06,Is this a #FBF to Sochi or a  Caption This ? It s our last day of skating here in #pyeongchang2018. Let s do this t  
2855,taralipinski,2018-02-23 02:10:22,Our good luck  goodie  The last one is a 3 pointer for Terry.   Are you guys watching the Ladies  
2856,taralipinski,2018-02-23 13:32:02,"That s a wrap on Olympic figure skating. I am so lucky I get to sit next to this intelligent, beautiful, witty, and  "
2857,taralipinski,2018-02-24 03:25:05,"Olympic Vibes.  I realize, for the first time, how very lonely I've been in the arena. How comforting the presence  "
2858,taralipinski,2018-02-24 04:51:16,They showed the skating world how you compete at an Olympic Games. They both gave me chills. Two of the best perfor  
2859,taralipinski,2018-02-24 12:18:40,Dance breaks.  Section G10 just sits there with a very confused look on their faces.  - Terry  
2860,taralipinski,2018-02-25 13:14:22,Kara Lipinski and Johnny Steer deliver their best Olympic moment Olympic to you. @taraandjohnny  
2861,taralipinski,2018-02-25 13:19:56,The Closing Ceremony just ended and it was truly everything that I remembered a Closing Ceremony to be twenty years  
2862,taralipinski,2018-02-25 13:58:53,Always love running into my Kiki. 20 years and running. @KurtBrowning 
2863,taralipinski,2018-02-26 00:56:56,Turn on NBC! It s time for the Closing Ceremony. 8pm ET @johnnygweir @terrygannon83 @nbcolympics #winterolympics 
2864,taralipinski,2018-02-26 03:13:49,@LTwithoutB @NBCOlympics Exactly
2865,taralipinski,2018-02-27 03:10:58,This jet lag is for real. Who and where am I? 
2866,taralipinski,2018-02-27 03:24:44,@rockerskating Yes! Haha
2867,taralipinski,2018-02-27 04:07:45,Post Olympic vibes. @JohnnyGWeir 
2868,taralipinski,2018-02-28 21:08:45,I loved wearing this sparkly little gold number. Thank you @dressthepopulation for making this custom dress that fe  
2869,taralipinski,2018-03-01 17:04:37,52 degrees in LA right now. Don t be surprised to see me walking the streets of Santa Monica today bundled up like  
2870,taralipinski,2018-03-02 00:46:55,@AmyKinLA I think the same thing all the time. What happened?!
2871,taralipinski,2018-03-02 02:45:42,My love runs deep for LeBron      @KingJames #cavs #KingJames #goat @cavs 
2872,taralipinski,2018-03-02 02:52:54,"You know, people always talk about @KingJames playing in the NFL but take it from me I think he could have been a w  "
2873,taralipinski,2018-03-03 22:49:34,@terrygannon83 @scottdmonaghan @thekapman @GW_MBB @DaytonMBB @JohnnyGWeir @NBCSN I hate when you cheat on us but ho  
2874,taralipinski,2018-03-04 02:49:11,Just casually doodling to @davematthewsbnd after being off the ice for a couple months. Nothing  
2875,taralipinski,2018-03-04 22:05:29, 98 #Oscars. Armed with sparkling cider &amp; our disposable cameras. We were so impressed by our limos sunroof that we  
2876,taralipinski,2018-03-05 01:28:30,The first person I run into at the @eltonjohn party. Perfect. Just love this guy. @guskenworthy #oscars2018 #oscars 
2877,taralipinski,2018-03-05 03:07:40,Dressin  up for some Oscar fun. @eltonjohn Thank you for this beautiful dress   @romonakeveza     
2878,taralipinski,2018-03-05 04:14:45,Watching you right now on the Oscars. Such a huge fan! Should I  at  you as @LinMan or @Iwrotehamilton          
2879,taralipinski,2018-03-06 00:58:01,Look who I ran into last night?! These two are the best. I m so happy for them! (Also their bronze medals are insan  
2880,taralipinski,2018-03-06 02:15:15,Thank @romonakeveza for this dreamy dress. I didn t want to take it off!   #oscars #fashion #glam by  
2881,taralipinski,2018-03-06 02:28:42,@cassie56A @RomonaKeveza Thank you!!
2882,taralipinski,2018-03-06 23:43:10,My insanely talented friend and writer @AmyKinLA book is out today! It s a must read.   You can snag it right here.  
2883,taralipinski,2018-03-07 03:23:55,Back to my @equinox shoot. Have any of you tried #GoldBarre at Equinox? Feedback please! #Barre #skating 
2884,taralipinski,2018-03-07 17:27:05,  this! We ve been so proud of you Adam. You ve been killing it! I ve loved watching your journey to this moment. E  
2885,taralipinski,2018-03-07 18:34:50,Bring on the  sparkle  Wednesday! Miss you @johnnygweir Miss you @lesdogggg 
2886,taralipinski,2018-03-08 02:09:30,LA is looking a lot different than New York today.  Boy do I love and miss a good snow day. Here s a flashback to o  
2887,taralipinski,2018-03-08 04:05:04,Well this is just sick. So cool 
2888,taralipinski,2018-03-09 16:29:36,Doodling again.   
2889,taralipinski,2018-03-10 17:22:49,@DebCinLA Good luck! Xo
2890,taralipinski,2018-03-10 18:56:18,Quads aren t just for the men anymore. Ladies Figure Skating is about to start their own quad revolution. History m  
2891,taralipinski,2018-03-10 19:10:01,But just if you needed to see more of what s happening in Russian Ladies skating we have Anna Scherbakova. Last spr  
2892,taralipinski,2018-03-10 19:12:47,@peachfish42 I sure did. But never landed one like that! Just a few Q Sals in practice. They are so fun.
2893,taralipinski,2018-03-10 22:07:16,It s so nice to be back on the ice...      
2894,taralipinski,2018-03-11 22:40:44,Last week at this time @toddkap and I got all fancy for a night on the town. Today we are going to see the Lakers p  
2895,taralipinski,2018-03-12 02:44:41,When you re just that damn good. @KingJames @cavs 
2896,taralipinski,2018-03-12 03:49:13,Went to see @kingjames   and the Lakers   play but also found one of my favorites. #LucRobitaille  @LAKings  
2897,taralipinski,2018-03-14 19:55:12,To all my skaters out there. What s your favorite spin? I go back and forth between illusions and a sit spin (speci  
2898,taralipinski,2018-03-15 17:28:14,"RT @guskenworthy: People, please don't forget about the Paralympics! Disability is NOT inability. These athletes and their stories are INCR "
2899,taralipinski,2018-03-15 18:43:24,Throwin  back to one of my favorite @makeupbynikkilarose glam looks. We ve been on a bronze kick. Those  
2900,taralipinski,2018-03-15 19:03:02,How cool is this?!? Look who s Short Doc got into the Tribeca Film Festival  Yup. My husband s. @ToddKap  
2901,taralipinski,2018-03-16 03:07:30,RT @SInow: BOW TO THE KING 
2902,taralipinski,2018-03-17 00:13:34,Scraps caught by @chelseakruse   Any suggestions of songs I should play with? #figureskating 
2903,taralipinski,2018-03-17 21:20:44,@kirbiejohnson @ChelseaKruse @kirbiejohnson on it.
2904,taralipinski,2018-03-19 18:41:52,Some Mondays you just need extra puppy snuggles. #puppylove #mondays 
2905,taralipinski,2018-03-20 20:09:22,Heading back to NYC later this week and sometimes I forget that I can t just show up at my old  
2906,taralipinski,2018-03-21 18:13:34,It s a rainy day in LA.  Who s loving it? #rainyday #LA 
2907,taralipinski,2018-03-21 18:22:16,So cute!!! 
2908,taralipinski,2018-03-22 02:11:31,@AmyKinLA Yes!!!
2909,taralipinski,2018-03-23 01:53:57,Walking out our barre like...                            @chelseakruse @debsvarc #barre #friendship #exercise  
2910,taralipinski,2018-03-24 00:41:23,RT @ScottHamilton84: #FBF to 17 years ago. 
2911,taralipinski,2018-03-24 01:18:19,Sure it could be a #flashbackfriday post but really I just wanted to post a summer pic. I m ready for sun and sand  
2912,taralipinski,2018-03-25 15:52:55,@JohnnyGWeir Birdy
2913,taralipinski,2018-03-26 22:07:51,New York always make me happy and @chelseakruse ALWAYS makes me happy. Everyone should have a friend like her. Tag  
2914,taralipinski,2018-03-27 03:33:05,@Davismcp Aww.     
2915,taralipinski,2018-03-27 18:20:19,@en2gymnastics @JohnnyGWeir That s amazing
2916,taralipinski,2018-03-27 20:50:01,RT @KellyLiyakasa: Tara and @JohnnyGWeir win my vote for best MCs at an advertiser event probably ever. #nbcuinnovationday2018  
2917,taralipinski,2018-03-27 22:40:38,Just skipping through the halls of @NBC. Don t mind us. #worklife @johnnygweir @chelseakruse 
2918,taralipinski,2018-03-28 19:39:27,Back at my happy place.    #Lowcountry #kiawahisland #southcarolina 
2919,taralipinski,2018-03-30 17:31:33,@ckcovert1     
2920,taralipinski,2018-03-30 20:27:59,Fun fact. One of my favorite things about @toddkap is when he raps.     #rap #raplife 
2921,taralipinski,2018-03-31 20:56:47,My favorite. Nothing better than seeing her laugh and smile. She has filled this house with so much love which make  
2922,taralipinski,2018-04-01 00:23:20,Kiawah bringing all the romantic feels.   @toddkap #charleston #vibes #saturdaynight 
2923,taralipinski,2018-04-03 02:48:14,My @makeupbynikkilarose keeps me laughing and keeps me pretty. So she s pretty much the perfect human.    #glam 
2924,taralipinski,2018-04-03 03:43:07,We have some exciting news! We are hosting a new @foodnetwork series and I couldn t be more excited. Anything that  
2925,taralipinski,2018-04-04 19:21:38,On a vineyard talking about cake. This job really couldn t get better.    #foodnetwork @foodnetwork What s your fav  
2926,taralipinski,2018-04-05 04:30:12,@FoodNetwork So true!!!
2927,taralipinski,2018-04-06 15:23:14,RT @NBCSuperstore: @thenohnoh @taralipinski ICONIC. #Superstore 
2928,taralipinski,2018-04-06 15:26:20,Taking you back to the early 2K with some  Genie in a bottle  My obsession with @xtina has never faded.  
2929,taralipinski,2018-04-06 22:17:32,Bring your dog to work day.    Dress by @likelynyc @foodnetwork #foodnetwork 
2930,taralipinski,2018-04-08 21:24:47,It s a good day when @toddkap is on set but it s a better day when an episode of our @foodnetwork series involves h  
2931,taralipinski,2018-04-09 21:08:15,I d rather be in the Maldives. That s all.          @ooreethirah #maldives #monday 
2932,taralipinski,2018-04-12 22:16:10,It s Coachella weekend. I am not going and I d rather not talk about it. So here s a #tbt with my wife  
2933,taralipinski,2018-04-15 01:12:26,It s like I m there. I m totally not upset about it. And I m definitely not upset that I won t  
2934,taralipinski,2018-04-15 22:47:38,Girls only weekend. Oh and Dublin too.             @chelseakruse #friendstime 
2935,taralipinski,2018-04-16 17:54:36,US. @JohnnyGWeir Can t wait for more @TaraandJohnny shenanigans.    
2936,taralipinski,2018-04-17 15:39:58,   through Lexington Kentucky.   #Lexington #Kentucky 
2937,taralipinski,2018-04-18 00:48:35,Pic 1. When @rutledgewood wins all the stuffed animals in the claw machine and I confidently think I can as well. A  
2938,taralipinski,2018-04-19 22:05:16,Baby Tara learning how to ice skate. I m quite impressed with my holiday attire.   #festive #figureskating #tbt 
2939,taralipinski,2018-04-20 14:12:44,Checked in with one my favorite sites @ringer and gave my take on #Cavs-Pacers series. My love for LeBron runs deep  
2940,taralipinski,2018-04-22 00:17:47,Tonight I sat in movie theater and watched Todd s doc premiere at @tribeca. I could go on and on about how talented  
2941,taralipinski,2018-04-23 00:36:12,Liv is 1 today! It s a good Sunday when you get to see both your godchildren. I love watching these two grow up...j  
2942,taralipinski,2018-04-24 15:03:00,@KarinDillahey Love this!   
2943,taralipinski,2018-04-25 23:19:28,Sometimes you just need to lay down on the ground and take a selfie.     
2944,taralipinski,2018-04-26 02:15:21,Yes. So ridiculous!!!!!!!!! 
2945,taralipinski,2018-04-27 00:23:46,I m just wishing I was back on this boat. We had a stroke of good luck at the hands of a nice Italian man who felt  
2946,taralipinski,2018-04-27 21:52:43,"RT @jga41agher: It s a Thunder Heavy !!!!NBA DESKTOP!!!! w/ @netw3rk Who gone?, queen @akdobbins on why Melo is bad, KANTER WTFYD?, mavs l "
2947,taralipinski,2018-04-27 22:07:46,"My form of meditation. Sun,book and a really cute furry footrest while my mind is running a mile a minute.       "
2948,taralipinski,2018-04-29 18:32:11,RT @Insider6ix: LeBron James  I m playing the whole game  
2949,taralipinski,2018-04-30 04:02:25,In the Bu with my boo.  @toddkap #malibu #california #sunday 
2950,taralipinski,2018-04-30 17:22:30,RT @TaraandJohnny: We re recording a new podcast episode today.   
2951,taralipinski,2018-05-01 23:07:55,It s that time again. I m heading to Kentucky tomorrow for the Derby! Bring on the horses and hats and juleps.      
2952,taralipinski,2018-05-02 01:34:04,The fam is ready. 2nd round. @toddkap not pictured because he doesn t have a jersey.  @cavs #playoffs @kingjames    
2953,taralipinski,2018-05-02 18:38:30,@Trinity_Tretons @JohnnyGWeir You should totally unfollow me. Have a great day!
2954,taralipinski,2018-05-03 16:50:30,Struttin  into Derby weekend.  by @bronxandbanco @harperspr 
2955,taralipinski,2018-05-03 18:21:59,Well this was amazing! We had so much fun with these kids at Semple Elementary. Adorable is an understatement. 
2956,taralipinski,2018-05-04 00:25:29,#LeBronto  
2957,taralipinski,2018-05-04 18:42:00,On Oaks Day we wear pink!   Dress by @bronxandbanco Fascinator by @camhatsnyc    #oaksday #kentuckyderby 
2958,taralipinski,2018-05-04 23:51:44,Ruffling feathers backstage @johnnygweir #kyderby #danceparty #triller 
2959,taralipinski,2018-05-05 12:46:35,RT @JohnnyGWeir: Find that light. So excited for @KentuckyDerby on this rainy Saturday! | @taralipinski @TaraandJohnny  
2960,taralipinski,2018-05-05 13:00:24,Another day with my peacock family. @nbcsports Happy Derby Day!     #derbyday #kentuckyderby 
2961,taralipinski,2018-05-05 15:25:56,No wonder the grass is so green.      dress by @georgycollection #kyderby #derbyday @harperspr 
2962,taralipinski,2018-05-06 12:15:03,Just a stroll down the red carpet at our 4th Kentucky Derby. So lucky to have my @johnnygweir by side through all t  
2963,taralipinski,2018-05-06 21:37:54,Missing these people. Events go by so quickly. The days feel so long in the moment and then it s all over in a blin  
2964,taralipinski,2018-05-07 22:36:21,Mama and me   
2965,taralipinski,2018-05-10 19:37:33, New York    
2966,taralipinski,2018-05-13 15:39:31,There are so many things I admire about my mom. The list could go on and on. Today she is once again reminding me o  
2967,taralipinski,2018-05-14 15:18:44,   to the other coast.   #Mood 
2968,taralipinski,2018-05-17 22:48:28,I ve started a new workout! I ve tried so many workouts over the years but pilates and I have never really clicked  
2969,taralipinski,2018-05-21 19:02:09,Dublin and I are off to a slow start this Monday. And I like it.    #monday #snuggles #flatcoatedretriever 
2970,taralipinski,2018-05-23 19:16:52,A few weeks ago I told you the good news that @johnnygweir and I had a new series we were working on for  
2971,taralipinski,2018-05-23 20:59:43,@kirbiejohnson Hey now!  
2972,taralipinski,2018-05-23 21:01:25,@hcisyourfriend @JohnnyGWeir Yes!
2973,taralipinski,2018-05-23 21:01:44,@cja1952 @JohnnyGWeir @FoodNetwork You crack me up! Haha. Have a great day!
2974,taralipinski,2018-05-29 02:28:01,The long weekend is over but the dance party continues. @chelseakruse Thank you @ryanmckee90 what a blast!  
2975,taralipinski,2018-06-01 02:52:00,"RT @LaffitPincayTV: A salute to the King s biggest fan @taralipinski- waking up the dead derby  night as Lebron sent Raptors packing, Game "
2976,taralipinski,2018-06-01 02:52:49,@LaffitPincayTV @KellyMc73636253 I m screaming once again in my living room right this second. Go LeBron!!!!
2977,taralipinski,2018-06-01 02:54:02,@patmuldowney Agreed
2978,taralipinski,2018-06-09 00:58:46,Well it IS #nationalbestfriendday      @chelseakruse My besties bring so much laughter and light to my life.I could  
2979,taralipinski,2018-06-09 23:43:26,@c_woodside Thank you!!! He outdid himself
2980,taralipinski,2018-06-09 23:58:12,RT @terrygannon83: 18 years later @taralipinski gets her high school prom (courtesy of @ToddKap) while Lisa and I set the record for most y 
2981,taralipinski,2018-06-10 04:54:14,"I know, I know another post. But I just can t  "
2982,taralipinski,2018-06-10 04:54:32,Last night was one of the most memorable nights  
2983,taralipinski,2018-06-10 17:51:06,@ShadeGlobal Thank you!
2984,taralipinski,2018-06-10 18:10:27,I m feeling like a pretty lucky birthday girl!   @Toddkap 
2985,taralipinski,2018-06-10 23:47:12,"As a part of my prom surprise, @toddkap figured out a way to get  his high school to make me a letterman jacket!It   "
2986,taralipinski,2018-06-11 00:10:01,@starsonice So many great SOI memories!
2987,taralipinski,2018-06-11 17:13:09,Happy Monday everyone!  Finally feels like summer here in California. Loving every warm minute of it. #Monday  
2988,taralipinski,2018-06-14 04:12:02,@yodaveholstein       
2989,taralipinski,2018-06-14 15:44:28,Later LA    Dreaming of touching down at our first destination of summer vacation! Can anyone guess where we are go  
2990,taralipinski,2018-06-15 19:26:56,We ve made it to our first destination of our vacation. Greece!    I ve been to so many places in this beautiful co  
2991,taralipinski,2018-06-16 14:31:21,When you re standing at the edge of the dock with a view like this- just 15 ft from your hotel room- it only seems  
2992,taralipinski,2018-06-16 18:40:30,Happy. @ToddKap    
2993,taralipinski,2018-06-16 20:53:19,Not our typical Saturday night dinner. Who thinks Greece has the best sunsets?         #Greece #TNTravels @toddkap  
2994,taralipinski,2018-06-17 13:15:30,Axelin  into the Mediterranean. I normally like my H20 frozen but I ll make an exception for Greece. 
2995,taralipinski,2018-06-17 19:35:44,I am so grateful to be your daughter. I imagine  
2996,taralipinski,2018-06-18 04:31:13,@Traciellen1 @Scotcombs4 @Traciellen1 you could always unfollow me?
2997,taralipinski,2018-06-18 08:51:03,"Last night I can home with salty hair, sunburnt shoulders and a tired sea legs from treading water. The ultimate su  "
2998,taralipinski,2018-06-19 11:50:59,Todd is the one who usually flawlessly executes the surprises/special days in the relationship. But I got to turn t  
2999,taralipinski,2018-06-19 18:02:19,"Guys, two exciting projects that I can t wait for you to see. First, Jim Carrey....what?! Dead. And....@johnnygweir  "
3000,taralipinski,2018-06-19 21:42:35,@patmuldowney  
3001,taralipinski,2018-06-20 23:30:11,So we need a selfie stick.  
3002,taralipinski,2018-06-21 13:34:12,Running into Thursday of anniversary week like...  
3003,taralipinski,2018-06-21 14:35:54,"RT @JohnnyGWeir: If you enjoy butter, unicorns, competitive piping, sky high cake construction and artistic breakthroughs, you re going to "
3004,taralipinski,2018-06-21 22:45:01,"Day 2 of Provence St. Remy, Arles,Avignon,S nanque Abbey  "
3005,taralipinski,2018-06-22 06:28:54,RT @ManeetChauhan: On #NationalSelfieDay2018 here is one of my favorite pics of @randyfenoli taking a selfie @DavidTutera @thebutterend on 
3006,taralipinski,2018-06-22 17:19:41,"4 days away from the premiere of #WeddingCakeChampionship @foodnetwork. Monday, June 25th at 9pm   the 1st episode  "
3007,taralipinski,2018-06-22 19:38:10,This is not photoshopped. #France    
3008,taralipinski,2018-06-23 17:14:26,Feelin  France.      
3009,taralipinski,2018-06-23 23:14:44,Happy #olympicday To all the Olympians that I looked up to as a little girl with hopes of skating over those 5 ring  
3010,taralipinski,2018-06-24 15:52:16,There is only one happiness in life- to love and to be loved.I love loving you and I love the way you love me. I ca  
3011,taralipinski,2018-06-24 18:18:21,Anniversary ready! 
3012,taralipinski,2018-06-24 21:08:07,TNT 
3013,taralipinski,2018-06-25 09:45:39,I had to share this. Long story short... the night Todd proposed to me he got so nervous he dropped to one knee and  
3014,taralipinski,2018-06-25 15:05:55,Tonight is the night!!!! Series premiere #WeddingcakeChampionship 9/8c on @foodnetwork  Tune in and comment on here  
3015,taralipinski,2018-06-25 15:26:24,@patmuldowney @ToddKap Thanks Pat! love you!
3016,taralipinski,2018-06-25 15:26:30,"RT @patmuldowney: Your first year in the books. Your wedding was one of the most fun weeks of our lives, here's to decades more to come. Ha "
3017,taralipinski,2018-06-25 21:12:59,RT @TVInsider: He Said / She Said with @taralipinski &amp; @JohnnyGWeir 
3018,taralipinski,2018-06-25 22:23:47,Tonight! 9/8c on the FoodNetwork! Series Premiere. Wedding Cake Championship. Comment and let me know what you thin  
3019,taralipinski,2018-06-26 07:36:48,@Lesdoggg @JohnnyGWeir @FoodNetwork Xoxoxoxoxoxo
3020,taralipinski,2018-06-26 07:42:10,@GlennBattishill @MissyBee37   
3021,taralipinski,2018-06-26 07:43:36,"RT @FoodNetwork: Give a warm welcome to our fabulous hosts, @TaraLipinski &amp; @JohnnyGWeir #WeddingCakeChampionship "
3022,taralipinski,2018-06-26 22:00:26,South of    
3023,taralipinski,2018-06-29 01:32:11,We out      You were good to us! 
3024,taralipinski,2018-06-29 01:32:17,RT @JohnnyGWeir: Can t wait for Monday night s episode of #weddingcakechampionship! It s all about destination wedding cake realness! Churr 
3025,taralipinski,2018-06-30 23:20:19,Annual #July4th Tribe Trip.       @chelseakruse @debsvarc @jillmordy @amandakoch21    
3026,taralipinski,2018-07-01 14:50:23,"Look at me just meddling with their cake. But when Rice Krispies are involved how can I not...              2nd E  "
3027,taralipinski,2018-07-02 15:18:55,RT @FoodNetwork: .@taralipinski &amp; @JohnnyGWeir are back for another week of over-the-top wedding cakes on an all-new #WeddingCakeChampionsh 
3028,taralipinski,2018-07-02 15:21:40,Happy Birthday to my partner in crime and to my best friend who never lets me go it alone. I hope this year brings  
3029,taralipinski,2018-07-03 02:25:22,"Riding with my ride or dies   @chelseakrusefit debsvarc amandakoch21 dtlally @ Kiawah Island, South Carolina "
3030,taralipinski,2018-07-04 21:29:17,My little firecrackers #4thofjuly #happy4th 
3031,taralipinski,2018-07-06 17:13:10,I m just pretending you are still here @chelseakruse (yes floating in a dog bed) 
3032,taralipinski,2018-07-06 20:44:30,Oh it s #internationalkissingday We got this covered.  @Toddkap 
3033,taralipinski,2018-07-06 20:44:32,         
3034,taralipinski,2018-07-07 17:44:37,Happy Birthday to this handsome guy! @toddkap In my vows I said  That initial  falling in love  phase is actually j  
3035,taralipinski,2018-07-09 18:46:17,"A brand new episode of #weddingcakechampionship is on tonight!!! This might be my favorite episode yet. Yes, probab  "
3036,taralipinski,2018-07-10 02:17:17,RT @FoodNetwork: Dog on the loose! #WeddingCakeChampionship 
3037,taralipinski,2018-07-12 18:38:12,Tune in! 
3038,taralipinski,2018-07-12 23:46:33,@DDirecto so fun!   
3039,taralipinski,2018-07-12 23:59:12,Miss moonwalking on the ice. Actually just miss the ice. You know when it s time. It s time to go home.   #home 
3040,taralipinski,2018-07-16 20:09:14,RT @JohnnyGWeir: The cake-tastic FINALE of #WeddingCakeChampionship is TONIGHT! Find out which team wins this incredible competition at ton 
3041,taralipinski,2018-07-17 03:38:52,@edenlane @FoodNetwork @JohnnyGWeir @TaraandJohnny   
3042,taralipinski,2018-07-17 03:39:30,RT @FoodNetwork: .@taralipinski's husband @ToddKap joins the crew for the finale of #WeddingCakeChampionship NEXT at 9|8c!  
3043,taralipinski,2018-07-17 03:40:10,@meganoffortune @JohnnyGWeir   
3044,taralipinski,2018-07-19 15:08:59,I m shocked and incredibly saddened to wake up to the news of Denis Ten passing. I can t believe it. He was one of  
3045,taralipinski,2018-07-19 15:15:17,Denis Ten. A performance to always remember.  
3046,taralipinski,2018-07-22 20:18:07,@jmy143 @TaraandJohnny This made me laugh!!! Love it
3047,taralipinski,2018-07-25 02:21:25,Weeeeee! @johnnygweir and I got some good news today!!!! Since we can t tell you just yet go ahead and give me your  
3048,taralipinski,2018-07-26 19:54:28,Throwing back to how we spent our last day of vacation in France. I wouldn t change a thing. Other than the color o  
3049,taralipinski,2018-07-27 20:42:56,RT @peopletv: .@taralipinski shares why her dog Dublin changed her life and why he gives the best welcome home kisses!   Watch more on #Pup 
3050,taralipinski,2018-07-29 00:13:00,It s #nationaldanceday Does dancing on ice count?   Happy Saturday! 
3051,taralipinski,2018-08-02 16:20:05,"All of you know I love my fitness classes. I ve had obsessions with spin, weight training, barre, running and the l  "
3052,taralipinski,2018-08-09 19:34:39,Sometimes you learn some of life s lessons from the most unexpected sources. I m glad that at a very young age this  
3053,taralipinski,2018-08-10 21:57:32,"I m incredibly proud to join a group of strong,beautiful women in Good American s #GoodSquad #Repost @goodamerican  "
3054,taralipinski,2018-08-10 21:58:00,RT @goodamerican: Talk about a GOOD AMERICAN! Welcome Olympic Figure Skating champion-turned-superstar sports broadcaster @taralipinski to 
3055,taralipinski,2018-08-11 17:19:48,I m so excited to be part of the #goodsquad with @goodamerican Their new work out line is incredible &amp; I m honored  
3056,taralipinski,2018-08-11 17:54:44,RT @goodamerican: Your weekend is about to get even better  @taralipinski of the #goodsquad is taking over our Insta stories TODAY! Follow 
3057,taralipinski,2018-08-19 18:58:45,We love you Ally! With your quintessential #Leo personality it s quite the challenge to surprise you but we pulled  
3058,taralipinski,2018-08-22 17:31:54,Wednesday Mood   #babaytara 
3059,taralipinski,2018-08-23 23:58:11,"#TBT Why are Barbie s bangs better than mine? How did she get two medals Did she steal Ken s? Why did they cut out  "
3060,taralipinski,2018-09-02 03:41:21,Bride in the box. 
3061,taralipinski,2018-09-03 17:52:52,Nothing was funny. It s very unfunny that amandakoch21 bachelorette weekend is over. It s especially unfunny that s  
3062,taralipinski,2018-09-06 18:48:00,Dave fricken Matthews! For those of you who know me there is no caption needed. For everyone else he is my favorite  
3063,taralipinski,2018-09-07 17:44:46,"Here s a flashback for ya! I had it rough. I rode in the trunk, got dragged by the dog and was snitched on by Chery  "
3064,taralipinski,2018-09-10 03:35:57,I m so excited that #Kidding premieres tonight! I don t come in for a few episodes but I m still in shock that I m  
3065,taralipinski,2018-09-10 23:04:52,Free cake for anyone who guesses what s happening right now! @JohnnyGWeir 
3066,taralipinski,2018-09-10 23:05:18,@yodaveholstein    
3067,taralipinski,2018-09-12 14:39:28,That was a wrap on Day 2...somehow only a few hours later it s Day 3. How many hours constitute a night of sleep?    
3068,taralipinski,2018-09-12 14:41:22,Incredible. 
3069,taralipinski,2018-09-12 14:41:48,RT @JohnnyGWeir: Back at it. Living and loving our best lives. @taralipinski @TaraandJohnny @FoodNetwork #taraandjohnny  
3070,taralipinski,2018-09-12 14:42:05,@SummerSanders_     
3071,taralipinski,2018-09-15 21:39:08,@LaceFitzgerald You should have said hello!!! Xo
3072,taralipinski,2018-09-15 21:40:07,@whatzoebakes @JohnnyGWeir       
3073,taralipinski,2018-09-15 22:05:09,Season 2! Who watched #weddingcakechampionship Season 1?! I d love to hear your thoughts and comments....     We lo  
3074,taralipinski,2018-09-16 19:33:14,Another day in the kitchen.   by @dressthepopulation   @foodnetwork #weddingcakechampionship #weddingcake 
3075,taralipinski,2018-09-16 19:33:20,Cute! 
3076,taralipinski,2018-09-19 23:18:54,RT @TaraandJohnny: I don t know about you J but I m missing February for so many reasons....~ T #olympics #memories @terrygannon83 @johnnyg 
3077,taralipinski,2018-09-20 16:00:25,Throwing back to my 6 year old self at my very first ice skating competition. Just a few months on the ice after sw  
3078,taralipinski,2018-09-21 23:35:47,Here is my bride to be but now she s officially a Mrs!    @lmc6188 
3079,taralipinski,2018-09-23 06:42:01,Beyonce and Jay Z @KelliHurley 
3080,taralipinski,2018-09-28 16:06:34,That Friday kinda feeling. @goodamerican 
3081,taralipinski,2018-10-02 17:29:09,October means one thing. I get to put my headset back on. Skating is back in full swing!   courtesy of @ringer 
3082,taralipinski,2018-10-03 20:44:08,Rome n around with my soul sisters. 
3083,taralipinski,2018-10-07 16:06:07,What happens when we try to mix it up from our usual go to pose. Todd pulls out the air pistols and I uncontrollabl  
3084,taralipinski,2018-10-08 10:09:01,"RT @SHOKidding:  Melting   s, freezing   .  Welcome to #Kidding, @taralipinski!   #Kidding #Showtime "
3085,taralipinski,2018-10-08 15:10:29,"After a decade, I m back in Paris.    Restaurant, bars, really any suggestions are welcome! "
3086,taralipinski,2018-10-08 15:24:09,@MMonticolo Thank you!
3087,taralipinski,2018-10-08 19:15:02,Thank you Dave! The warped version of myself is much more interesting than everyday Tara. Haha. 
3088,taralipinski,2018-10-09 23:48:00,2/3 of us 1/3 of Eiffel Tower. @toddkap @ Tour Eiffel 
3089,taralipinski,2018-10-10 22:44:45,"Au revoir Paris! I already miss your chocolate croissants.   @ Paris, France "
3090,taralipinski,2018-10-11 19:22:40,"Yup, just me and Jim Carrey and Jim Carrey s head. Who is watching @shokidding ??? I m still in shock that I m part  "
3091,taralipinski,2018-10-12 01:38:29,@JohnnyGWeir The last time you told me  he has brought us good weather 
3092,taralipinski,2018-10-13 15:58:58,Last week at this time in    @chelseakruse and I were serving our best menswear looks in between fits of Chardonnay  
3093,taralipinski,2018-10-13 17:28:20,Can t wait for a new episode Sunday!!!! #kidding 
3094,taralipinski,2018-10-15 02:43:27,My outfit tho  Who s tuning in for an all new episode of Kidding today?! Do you guys like the show? #kidding  
3095,taralipinski,2018-10-15 02:44:29,"RT @SHOKidding: Coo-coo-ka-choo!   @taralipinski Tara-keet is a bad, bad, bird! Who taught her these naughty words?! #Kidding #Showtime htt "
3096,taralipinski,2018-10-15 03:01:43,@gingerthejester @SHOKidding         
3097,taralipinski,2018-10-18 20:59:37,@thegroman @SHOKidding   
3098,taralipinski,2018-10-21 02:17:12,RT @JohnnyGWeir: Dropped T. Feeling guilty. @taralipinski @TaraandJohnny 
3099,taralipinski,2018-10-21 17:24:47,Throwing it back to another Skate America many years ago with Michelle. To this day fans get all fired up about our  
3100,taralipinski,2018-10-22 02:24:57,@kwanette @MichelleWKwan Wow! I ve never seen this!   
3101,taralipinski,2018-10-22 02:25:25,@sixsillysnails @JohnnyGWeir   
3102,taralipinski,2018-10-22 02:32:03,Skating season has begun! I love being back in the booth with these two guys. How did I get so lucky? @johnnygweir  
3103,taralipinski,2018-10-22 02:34:29,@AliceMMaddocks @JohnnyGWeir @terrygannon83 Every weekend on NBC! check us out.
3104,taralipinski,2018-10-23 18:52:27,RT @Adaripp: @TuktikLiza THANK YOU FOR SPEAKING OUT. This is awful and uncalled for. In 2018 this kind of talk is UNACCEPTABLE. Our skating 
3105,taralipinski,2018-10-25 20:47:50,Leaving sunny hot LA   today for some New York sweater weather . #tbt To my cozy West Village fall days. #nyc  
3106,taralipinski,2018-10-26 18:23:00,@nathancheta   
3107,taralipinski,2018-10-26 22:29:00,NYC Whats your favorite neighborhood? Obviously the right answer is West Village but I won t judge. 
3108,taralipinski,2018-10-27 04:11:25,@sndavis15 @TaraandJohnny Yes!
3109,taralipinski,2018-10-28 01:17:34,@ChriSteltz @JohnnyGWeir Love it!
3110,taralipinski,2018-10-29 22:24:17,RT @lastcallcd: We ve got @taralipinski talking about @SHOKidding on tonight s Last Call with @CarsonDaly! Tune in on @NBC! #Showtime #Kidd 
3111,taralipinski,2018-10-29 22:24:25,"RT @SHO_PR: Tonight, don't miss @taralipinski on @lastcallcd chatting about @SHOKidding! "
3112,taralipinski,2018-10-30 21:29:34,Post Workout. That s what friends are for.      
3113,taralipinski,2018-10-31 19:31:49,Love! 
3114,taralipinski,2018-10-31 19:35:33,"RT @JohnnyGWeir: Happy Halloween! As a special treat, here s one of the funniest cosplay parodies I ve seen of me &amp; @taralipinski! When T &amp; "
3115,taralipinski,2018-11-01 03:00:48,So good! 
3116,taralipinski,2018-11-01 03:07:27,I now openly talk about my love for @KingJames in interviews. It s a problem.   
3117,taralipinski,2018-11-01 03:11:19,@KristineLeahy Had such a great time!
3118,taralipinski,2018-11-01 03:11:42,"Halloween 2018.    Chicken sandwiches  , chardonnay  and our couch  Pretty perfect.   @toddkap #halloween "
3119,taralipinski,2018-11-01 20:39:34,A throwback to one of my favorite tour programs with the legendary Kurt Browning and choreographed by the incredibl  
3120,taralipinski,2018-11-02 22:05:14,"RT @etnow:   @taralipinski pairs up with @JimCarrey in this #Kidding exclusive."
3121,taralipinski,2018-11-03 00:50:39,Heading back to the east coast to talk skating with my boy. @johnnygweir Skating season is my favorite season.   Wh  
3122,taralipinski,2018-11-03 20:09:20,Talking skating today and missing my husband so clearly I need to post this video my husband made of me skating.     
3123,taralipinski,2018-11-04 06:42:27,RT @ziyatong: We could all learn a lesson from this baby bear: Look up &amp; don't give up. 
3124,taralipinski,2018-11-05 23:06:36,"RT @SHOKidding: Careful friend, if you stop watching, she ll (@taralipinski) fall down!   #Kidding #Showtime "
3125,taralipinski,2018-11-06 22:14:37,His hair is goals. I am trying to steal his shine here. I still lost and always will. My handsome boy!   
3126,taralipinski,2018-11-08 06:38:08,@johnmichaeliam Thank you!
3127,taralipinski,2018-11-08 17:26:55,"A throwback to my years on Stars on Ice. How I loved this process! I m not sure which I loved more,the weeks of reh  "
3128,taralipinski,2018-11-08 17:34:57,@SandraBezic @KurtBrowning
3129,taralipinski,2018-11-08 22:11:33,"Okay. I got a lot of messages for the final product! Backstory. Kurt played a clown and well, I fell in love with t  "
3130,taralipinski,2018-11-09 21:44:53,Who s ready for another episode of Kidding this weekend? Who is watching the show??? What do you think? @shokidding 
3131,taralipinski,2018-11-09 22:16:15,@MrHatnScars @SHOKidding Hahaha yeah pretty rough
3132,taralipinski,2018-11-09 22:27:20,@mickyd1995 @SHOKidding Gotta watch this Sunday!
3133,taralipinski,2018-11-11 00:54:01,"RT @JohnnyGWeir: Join me, @taralipinski &amp; @TanithWhite tomorrow on @nbc for our coverage of Grand Prix Japan at 12Eastern. Incredibly skate "
3134,taralipinski,2018-11-11 00:54:45,@TuktikLiza @JohnnyGWeir @TanithWhite @nbc @rika_kihira Oh I follow you! I wouldn t miss your tweets. #empress
3135,taralipinski,2018-11-11 17:48:17,Skating is on! Tune in now on NBC! @johnnygweir and I bring you coverage of #nhktrophy @TanithWhite #nhktrophy2018  
3136,taralipinski,2018-11-13 02:19:08,I have my party hat on. Can you guess what I was doing today?   #glam @makeupbynikkilarose 
3137,taralipinski,2018-11-13 22:21:58,@HeyBuckHey Aww. Thank you!!!!
3138,taralipinski,2018-11-14 01:31:07,Skating makes me happy. That s all. 
3139,taralipinski,2018-11-15 03:37:51,I will file this under one of the coolest things I ve ever had the opportunity to do. I mean Family Guy!!! What?! T  
3140,taralipinski,2018-11-15 19:47:21,My very first time on the ice!! I wish I have a memory of this exact moment but from the look on my face it must ha  
3141,taralipinski,2018-11-15 20:43:42,RT @JohnnyGWeir: We re going for the gold Sunday night on @FamilyGuyonFOX at 9/8c on @foxtv! Things are not always as they seem! SO EXCITED 
3142,taralipinski,2018-11-15 21:36:53,@Adaripp @FOXTV @JohnnyGWeir @FamilyGuyFox   
3143,taralipinski,2018-11-16 13:01:41,Yuzuru Hanyu -Highest scoring Short Program in the world so far this season. #rostelecom2018 #YuzuruHanyu And once  
3144,taralipinski,2018-11-16 21:13:01,Not your normal day in the office.   @johnnygweir 
3145,taralipinski,2018-11-16 21:14:29,Not your normal day in the office.  @johnnygweir 
3146,taralipinski,2018-11-17 21:49:58,Soccer Aunt    
3147,taralipinski,2018-11-18 17:19:04,These two school teachers are telling you to turn on @Nbc now! Figure Skating is on.   #rostelecomcup2018  
3148,taralipinski,2018-11-19 01:18:58,Tonight is the night! I usually don t do pairs but I made an exception for Stewie. Tune in tonight at 9/8C on  
3149,taralipinski,2018-11-19 18:30:35,Doesn t feel like a Monday to me this Thanksgiving week! Just walking on _____  over here. For all my skating fans  
3150,taralipinski,2018-11-21 00:33:34,@JohnnyGWeir @bryantparknyc @BankofAmerica Queen of Bryant park
3151,taralipinski,2018-11-22 17:13:58,Happy Thanksgiving! Time to turn on @nbc for The National Dog Show!      #thanksgiving #thenationaldogshow @ Rocky  
3152,taralipinski,2018-11-22 18:12:41,@GlennBattishill @MissyBee37 @JohnnyGWeir Love this!  
3153,taralipinski,2018-11-22 18:13:13,@BetsyKling @JohnnyGWeir @nbc   
3154,taralipinski,2018-11-22 18:14:19,@jasongay @JohnnyGWeir    
3155,taralipinski,2018-11-23 16:00:32,Skating is on this weekend! 
3156,taralipinski,2018-11-25 21:18:15,Time to turn on @NBC for some skating!   Who s watching and what do you think of the skating? 
3157,taralipinski,2018-11-25 21:28:17,@JohnnyGWeir @Eagles Go birds!!@JohnnyGWeir
3158,taralipinski,2018-11-27 19:36:40,MOOD. Me currently. #xmasshopping      
3159,taralipinski,2018-11-29 03:24:19,In the spirit. Who else gets irrationally excited to stay home and snuggle on the couch just so you can stare at yo  
3160,taralipinski,2018-11-29 19:21:36,Today marks another day we didn t wake up in the Maldives. #tbt A @toddkap original. #maldives @ Maldives 
3161,taralipinski,2018-11-30 22:04:22,Flashin  back to that time we hosted the Closing Ceremony at an Olympic Games....like what?!   My dream team  
3162,taralipinski,2018-12-02 22:13:41,Todd s first time to Disneyland. My zillion-th time. #Disneyland @Disneyland @toddkap  #holidaysbeginhere 
3163,taralipinski,2018-12-03 03:16:33,I don t want to leave! Thank you @disneyland for this magical day.       What s your favorite attraction at Disneyl  
3164,taralipinski,2018-12-03 03:17:19,@DreamyPopLover @JohnnyGWeir @TaraandJohnny We miss it too!!
3165,taralipinski,2018-12-04 04:04:15,Had to learn a few new things on the job today. Luckily I met someone who knew a thing or two about #gaming @ninja  
3166,taralipinski,2018-12-04 20:44:49,Hey @scotthamilton84 Do you remember this?! I was getting my autograph at a Stars on Ice show. Little did I know 7  
3167,taralipinski,2018-12-05 01:37:48,@ScottHamilton84 Good idea! I can always pull that out for the next derby.
3168,taralipinski,2018-12-06 15:39:31,Congratsssss        
3169,taralipinski,2018-12-06 19:12:18,#fbf Heading back to my partner in crime today to cover some more skating this weekend.  Goodness I miss these past  
3170,taralipinski,2018-12-11 19:59:24,Happy Birthday to this ray of sunshine. @chelseakrusefit I m so lucky to have a friend like you!   We ll be friends  
3171,taralipinski,2018-12-12 23:04:05,"  To all my skaters out there- fav spin? Even though I m not doing one here, sit  was my favorite.   #figureskating "
3172,taralipinski,2018-12-15 17:47:12,@beautyinhistime   
3173,taralipinski,2018-12-17 00:35:53,Tis the season. The softest onesies ever.      @aerie @chelseakruse 
3174,taralipinski,2018-12-20 20:10:43,Countdown to Christmas days in our cozy Montana cabin.       #montana #cozy #cabin 
3175,taralipinski,2018-12-22 20:10:42,I feel like Mars is calling my name.    
3176,taralipinski,2018-12-23 16:23:58,Only a few more hours and we will be in Montana! Dubby is already there and probably sleeping on that very couch ri  
3177,taralipinski,2018-12-23 19:31:49,@sixptzero This made me laugh!
3178,taralipinski,2018-12-23 19:32:20,@AmySM55   
3179,taralipinski,2018-12-25 23:16:04,Christmas 2018. Montana is giving us the perfect winter wonderland vibes.    Who got a white Christmas today???  
3180,taralipinski,2018-12-26 02:44:34,Holding a conversation while occasionally posing as I knew @toddkap was snapping away on his fancy camera. Not easy  
3181,taralipinski,2018-12-26 19:35:37,Christmas Blue Steel. 
3182,taralipinski,2018-12-28 00:29:09,Is it too late for an ugly Christmas sweater contest? I think not. Please take note of @toddkap sweater...he pasted  
3183,taralipinski,2018-12-29 23:10:21,"             @chelseakrusefit amandakoch21 jillmordy #montana #friends @ McLeod, Montana "
3184,taralipinski,2018-12-31 00:53:55,Snow strolling with my girls.    jillmordy @chelseakrusefit amandakoch21 #mom #montana #friends Shot by @toddkap of  
3185,taralipinski,2018-12-31 18:59:01,A few dreams of mine came true in 2018. We broadcasted our first prime time Olympics and for the cherry on top of t  
3186,taralipinski,2019-01-01 01:22:56," Holding on to my daydreams  as I enter 2019. It s gonna be a good one! #nye #newyears #2019   @toddkap @ McLeod, M  "
3187,taralipinski,2019-01-02 00:58:29,Spent the day playing with my best friend in the snow...not a bad way to start off 2019.        @chelseakrusefit #2  
3188,taralipinski,2019-01-10 23:21:55,A real go to move for me.     #tbt 
3189,taralipinski,2019-01-11 16:23:59,That Friday Feeling.   And also that feeling when your fever is finally coming down! Who else caught this nasty flu  
3190,taralipinski,2019-01-18 01:57:25,#TBT I ll never forget this moment looking up at a sold out Edmonton crowd standing on their feet. I proved to myse  
3191,taralipinski,2019-01-18 20:59:04,That time we went to the Super Bowl.   I believe the key to our success at getting interviews at Media Day was my s  
3192,taralipinski,2019-01-22 01:03:43,It s about time for us to skate on into Detroit for Nationals! Who are you excited to see? Predictions? #uschamps19 
3193,taralipinski,2019-01-23 19:46:33,As I head to Michigan today I can t help but think of all the years I spent training in Detroit. From the moment I  
3194,taralipinski,2019-01-25 01:46:55,Join us on @NBCSports at 9pm for the Ladies short program! I just watched Alysa Liu...speechless. You won t want to miss this!
3195,taralipinski,2019-01-25 20:11:50,Back at one of my favorite events of the year! Nationals is just so special. Life is good when I m talking skating  
3196,taralipinski,2019-01-26 04:53:39,Records are meant to be broken and I couldn t be more excited that Alysa was the one to break it. What a talent! So  
3197,taralipinski,2019-01-26 16:52:40,I still can t get over this sweet little nugget. She is absolutely adorable. Our newly crowned National Champion!  
3198,taralipinski,2019-01-27 17:56:23,RT @JohnnyGWeir: These Two    | @taralipinski @terrygannon83 @taraandjohnny @nbcolympics | #uschamps19 #figureskating #squad  
3199,taralipinski,2019-01-27 19:16:20,My people. How I love working with them and the whole @nbcsports team.   @terrygannon83 @johnnygweir #uschamps19 
3200,taralipinski,2019-01-28 19:48:46,Nationals hangover.   Nationals puts you to work but when it s over you wish it all went a little slower. But the i  
3201,taralipinski,2019-01-31 22:52:44,Last year at this time. Glitter and @lesdogggg. Oh and the Olympics! I miss it. @johnnygweir 
3202,taralipinski,2019-02-02 01:33:42,It s #wegetup day. What defines us is how well we rise after falling. This fall was at the 98  Nationals. After the  
3203,taralipinski,2019-02-07 12:37:36,"Guys, big day today. I m back at one of my favorite places @todayshow buttttt I m not talking skating.   Can t wait  "
3204,taralipinski,2019-02-09 00:11:03,"#fbf to dreaming of big things. This is the first medal I won from skating. As we all know, it s not about the meda  "
3205,taralipinski,2019-02-15 22:17:30,#flashback to daydreaming on a dreamy day in Amsterdam.    #fbf 
3206,taralipinski,2019-02-17 03:17:15,"Big day for the fam! Any guesses where we are? @ West Hollywood, California "
3207,taralipinski,2019-02-20 21:39:46,I can t wait to get another Olympics! See you soon Tokyo. 
3208,taralipinski,2019-02-20 21:43:10,Feb 20th. Just moments after realizing I skated out my dreams on Olympic ice. The years of sweat and tears were all  
3209,taralipinski,2019-02-20 21:51:59,Aww love this!!!    
3210,taralipinski,2019-02-20 21:55:50,@HJFranklin1007 Thank you!!!
3211,taralipinski,2019-02-21 05:03:46,@ChrisGesue Aww thank you!! This made me smile. Hope you and your family are well!
3212,taralipinski,2019-02-22 22:15:16,I never post glam pics but @makeupbynikkilarose worked some rose gold magic on me this week and I had to show y all  
3213,taralipinski,2019-02-24 19:12:05,Happy Birthday Mom! I wouldn t be who I am without you. You mean so much to me...more than you will ever know. I lo  
3214,taralipinski,2019-02-25 19:12:37,"Pulling out the ballerina outfit. Also, how is there not a ballet shoes emoji? #monday #ballet "
3215,taralipinski,2019-02-28 20:26:30,#tbt to when LA had good weather all the time. Please bring back the standard 70 and sunny! Dublin is just as upset  
3216,taralipinski,2019-03-01 21:19:38,Getting my blades cleaned up.    For my figure skaters out there- How good does a fresh sharpening feel?! Also remi  
3217,taralipinski,2019-03-08 21:12:02,It s #internationalwomensday so I m clearly not going to miss a chance to celebrate the beautiful women in my life.  
3218,taralipinski,2019-03-17 00:57:47,"This Palm Springs wedding is bringin  the heat.    Dress  by @bronxandbanco @harperspr @ La Quinta, California "
3219,taralipinski,2019-03-18 00:39:59,We tried to match the flowers. When the dress said  bright and colorful  we were determined to succeed. I think we  
3220,taralipinski,2019-03-19 23:07:39,It s time for Worlds! I will have the privilege to call this event where the greatest skaters in the world battle i  
3221,taralipinski,2019-03-21 01:28:37,@JohnnyGWeir You mean currently?
3222,taralipinski,2019-03-21 17:00:12,Back at it with my boys! Who s watching Worlds this week? Give me your thoughts. Also tune into @nbcsports today fo  
3223,taralipinski,2019-03-22 16:56:52,             
3224,taralipinski,2019-03-22 22:21:22,RT @terrygannon83: #MarchMadness2019 + Olympic Gold Medalist + #WorldFigure Skating Championships downtime = the making of a 3 point sharps 
3225,taralipinski,2019-03-23 13:17:20,RT @JohnnyGWeir: Join us at 1pm Eastern on @NBCSN &amp; 8pm Eastern on @nbc for our coverage of the men s free skates from the world championsh 
3226,taralipinski,2019-03-23 13:18:39,@goodmagicme @JohnnyGWeir Today at 1 pm EST on @NBCSports and tonight at 8pm on @nbc  
3227,taralipinski,2019-03-25 17:57:05,Morning portraits with Dubby.    
3228,taralipinski,2019-03-31 18:43:47,Sleepin  in late on the weekend with this furry guy. We also woke up with some serious bed head.(More me than him  
3229,taralipinski,2019-04-08 19:05:26,Guys some big news! We did #MasterChef and it was one of my favorite work experiences ever. Not hyperbole.Teaming u  
3230,taralipinski,2019-04-12 21:55:42,I m really digging this racing suit. It just needed a little sparkle.   @goldengoose @nbcsports  
3231,taralipinski,2019-04-13 02:33:51,"When it comes to work, I never really know what I m signing myself up for but it s always so fun. Scored some new r  "
3232,taralipinski,2019-04-24 20:28:21,We re back! Season 2! I can t be more excited for u guys to see what this show has in store.Who knew I d host a Foo  
3233,taralipinski,2019-04-25 01:01:17,RT @JohnnyGWeir: GET READY! We re back for an all-new season of Wedding Cake Championship commencing June 3 at 10 Eastern on @foodnetwork! 
3234,taralipinski,2019-04-26 00:26:00,Here s a #TBT for ya. Came across this today while I was organizing boxes of old photos. A trip to Turks and Caicos  
3235,taralipinski,2019-04-26 16:54:42,He can be a charmer when he wants to! Dublin on his best behavior kindly begging for his @nulopetfood. It s hard no  
3236,taralipinski,2019-04-27 19:35:20,Waking up at one of my favorite places in California. @montagelaguna     #weekend #montage #lagunabeach 
3237,taralipinski,2019-04-29 17:35:15,RT @DiscoveryIncTV: Our favorite sassy duo is back!! Hosts @taralipinski and @JohnnyGWeir are bringing season 2 of  Wedding Cake Championsh 
